id,first_name,last_name,email,gender,ip_address
490,Elnar,Chasteau,echasteaudl@about.me,Male,7.54.104.10
491,Boy,Yesipov,byesipovdm@is.gd,Female,248.119.118.188
492,Aurelea,Cabble,acabbledn@cnbc.com,Male,156.105.124.22
493,Tab,Penwell,tpenwelldo@squarespace.com,Female,196.229.40.11
494,Giorgia,Cuncarr,gcuncarrdp@microsoft.com,Male,249.16.220.196
496,Lorenzo,Marchent,lmarchentdr@vistaprint.com,Male,251.58.159.80
497,Rolfe,Eouzan,reouzands@icio.us,Male,29.175.133.131
498,Drona,Woodwind,dwoodwinddt@economist.com,Female,183.51.178.165
499,Francisca,Ladbury,fladburydu@usatoday.com,Male,9.66.200.51
500,Clarisse,Cellier,ccellierdv@phpbb.com,Female,100.71.223.99
501,Rad,Hoxey,rhoxeydw@ask.com,Male,67.250.238.210
502,Urson,MacDonell,umacdonelldx@nba.com,Male,162.172.12.168
503,Liliane,Wick,lwickdy@bloglines.com,Male,41.82.132.34
504,Bryanty,Tapson,btapsondz@t-online.de,Polygender,143.53.123.165
505,Iorgos,Dufer,idufere0@etsy.com,Male,166.140.148.114
506,Ashlan,Paty,apatye1@dmoz.org,Male,107.178.43.111
507,Consalve,Aven,cavene2@altervista.org,Male,211.251.103.122
508,Delphine,Netting,dnettinge3@blinklist.com,Female,211.141.9.231
509,Hersch,Loggie,hloggiee4@symantec.com,Genderqueer,203.178.18.189
510,Yuri,Granham,ygranhame5@virginia.edu,Male,159.64.120.121
511,Wade,Sheer,wsheere6@is.gd,Male,142.238.21.233
512,Astrid,Braunle,abraunlee7@yolasite.com,Bigender,98.90.27.9
513,Cornell,Rubbens,crubbense8@devhub.com,Male,94.105.253.20
514,Brad,Janout,bjanoute9@smugmug.com,Non-binary,148.182.33.127
515,Coop,Govinlock,cgovinlockea@ucsd.edu,Male,222.31.141.146
516,Benedetta,Purkis,bpurkiseb@nhs.uk,Genderfluid,170.128.162.244
517,Clarabelle,Jansky,cjanskyec@chicagotribune.com,Male,16.174.31.219
519,Galvan,Caughtry,gcaughtryee@time.com,Female,112.225.128.115
520,Beryle,Twelves,btwelvesef@elegantthemes.com,Male,13.0.203.162
521,Haywood,Whistlecroft,hwhistlecrofteg@alibaba.com,Male,237.174.77.128
522,Monty,Brandes,mbrandeseh@telegraph.co.uk,Female,90.140.32.26
523,Pauline,Slaymaker,pslaymakerei@mysql.com,Female,210.220.243.203
524,Hussein,Codeman,hcodemanej@w3.org,Female,11.205.14.225
525,Lexy,Gardiner,lgardinerek@networkadvertising.org,Male,174.51.100.109
526,Eran,McCourtie,emccourtieel@state.gov,Female,66.198.230.113
527,Bjorn,Dorbin,bdorbinem@fotki.com,Male,212.60.177.220
528,Geoff,Daverin,gdaverinen@baidu.com,Male,97.198.191.209
529,Karen,Senten,ksenteneo@icio.us,Male,242.51.12.61
530,Meridel,Welbeck,mwelbeckep@list-manage.com,Male,4.178.194.192
531,Madelle,Edmott,medmotteq@latimes.com,Genderqueer,229.51.48.155
533,Rae,Mowsdill,rmowsdilles@fc2.com,Female,81.29.32.46
534,Isabeau,Prettyjohns,iprettyjohnset@upenn.edu,Female,150.196.75.112
535,Edmon,Heindl,eheindleu@mit.edu,Female,242.201.8.202
536,Sherlocke,Lebbern,slebbernev@sakura.ne.jp,Female,87.105.52.13
538,Julie,Jorgensen,jjorgensenex@myspace.com,Male,54.183.69.245
539,Velvet,Ellens,vellensey@spiegel.de,Female,120.90.237.3
541,Micky,Vigrass,mvigrassf0@php.net,Female,148.125.21.83
542,Ag,Flippini,aflippinif1@youtube.com,Female,184.124.172.72
543,Sigismundo,Caves,scavesf2@baidu.com,Male,35.154.53.255
544,Aliza,Matusiak,amatusiakf3@woothemes.com,Female,136.112.208.88
545,Rivi,Thurnham,rthurnhamf4@smh.com.au,Polygender,9.125.149.57
546,Newton,Mauditt,nmaudittf5@spiegel.de,Male,178.152.156.225
547,Reba,Wainman,rwainmanf6@ebay.co.uk,Genderfluid,59.30.165.184
548,Shelton,Aukland,sauklandf7@surveymonkey.com,Male,106.119.148.67
549,Kile,Plastow,kplastowf8@free.fr,Agender,13.206.138.125
550,Chick,John,cjohnf9@furl.net,Female,215.209.195.33
551,Mollie,Burndred,mburndredfa@theguardian.com,Female,111.247.136.231
552,Kellyann,St. Clair,kstclairfb@ebay.com,Female,247.138.73.161
553,Eberhard,Couzens,ecouzensfc@123-reg.co.uk,Male,237.4.91.233
554,Ainslie,Spirritt,aspirrittfd@cyberchimps.com,Genderqueer,247.92.12.241
555,Onfroi,Petren,opetrenfe@telegraph.co.uk,Male,231.140.46.180
556,Lisetta,Leguey,llegueyff@nsw.gov.au,Female,45.43.55.170
557,Nicolais,Macak,nmacakfg@disqus.com,Female,97.172.161.165
558,Jacenta,Jonsson,jjonssonfh@wisc.edu,Male,193.105.252.52
559,Daron,Dumpleton,ddumpletonfi@amazonaws.com,Female,218.91.238.54
560,Mignon,Sineath,msineathfj@businessinsider.com,Female,11.57.114.119
561,Arnuad,Ingray,aingrayfk@i2i.jp,Male,93.231.210.107
562,Spenser,Volker,svolkerfl@discovery.com,Female,42.29.133.26
563,Rees,Baythorp,rbaythorpfm@bravesites.com,Female,109.91.153.205
564,Hort,Gallyon,hgallyonfn@engadget.com,Female,238.66.79.192
565,Ellette,Behrendsen,ebehrendsenfo@salon.com,Male,167.94.86.41
566,Dudley,Whitcher,dwhitcherfp@hubpages.com,Female,200.27.70.124
567,Thebault,Botton,tbottonfq@google.co.jp,Female,234.35.172.78
568,Elizabet,Philippault,ephilippaultfr@china.com.cn,Female,27.151.175.158
569,Jory,Sammars,jsammarsfs@biglobe.ne.jp,Male,92.148.19.74
570,Marquita,Biaggioni,mbiaggionift@acquirethisname.com,Female,92.225.151.10
571,Gabbey,Uden,gudenfu@archive.org,Female,111.225.148.192
573,Hallie,Arcase,harcasefw@amazon.de,Female,122.94.30.60
574,Ursulina,Redgrave,uredgravefx@whitehouse.gov,Male,171.198.52.54
575,Hugh,Westman,hwestmanfy@lycos.com,Male,247.136.81.48
576,Elly,Mangam,emangamfz@amazonaws.com,Male,14.75.237.191
577,Lane,Beeble,lbeebleg0@liveinternet.ru,Male,63.244.229.160
578,Bondon,Shotboulte,bshotboulteg1@dyndns.org,Female,56.116.112.63
579,Gauthier,Diwell,gdiwellg2@columbia.edu,Female,46.102.110.130
580,Brodie,Arntzen,barntzeng3@google.com.hk,Male,53.66.128.112
581,Stefa,Rival,srivalg4@bloglines.com,Female,25.53.130.46
582,Tabor,Sims,tsimsg5@deviantart.com,Male,21.6.17.50
583,Niles,Woolward,nwoolwardg6@ebay.com,Female,109.23.150.96
584,Leonelle,Findlater,lfindlaterg7@fda.gov,Male,141.177.94.158
585,Cello,MacEnelly,cmacenellyg8@ehow.com,Male,179.49.74.254
586,Maxwell,Northley,mnorthleyg9@umich.edu,Female,202.156.94.56
587,Archambault,Nacci,anacciga@desdev.cn,Female,103.220.7.90
588,Wynny,Ratazzi,wratazzigb@drupal.org,Female,83.245.153.242
589,Celka,Foux,cfouxgc@twitpic.com,Female,7.34.86.126
590,Dorree,Tappington,dtappingtongd@behance.net,Male,84.125.60.127
591,Tedd,Beech,tbeechge@globo.com,Female,179.187.122.132
592,Chrysler,Obell,cobellgf@illinois.edu,Female,46.0.12.167
593,Marsh,Sneesbie,msneesbiegg@economist.com,Male,56.124.7.224
594,Maria,Vassman,mvassmangh@ocn.ne.jp,Female,185.184.243.79
595,Mab,Leverette,mleverettegi@jigsy.com,Female,249.39.208.249
596,Julieta,Barenski,jbarenskigj@spiegel.de,Female,200.247.101.96
597,Amble,Ponde,apondegk@hc360.com,Female,140.169.28.41
598,Merrill,Lamburn,mlamburngl@mapy.cz,Female,64.153.16.236
599,Ly,Nairn,lnairngm@ow.ly,Male,181.18.209.35
600,Boyd,Jaffray,bjaffraygn@sitemeter.com,Male,229.134.135.74
601,Isacco,Picknett,ipicknettgo@devhub.com,Male,83.130.111.91
602,Dorree,Raulston,draulstongp@irs.gov,Female,101.3.152.145
603,Rafaelita,Tedder,rteddergq@state.gov,Female,13.171.233.6
604,Carter,MacAirt,cmacairtgr@ox.ac.uk,Male,163.151.246.181
605,Gabriel,Groll,ggrollgs@usnews.com,Male,100.140.239.230
607,Deb,Slogrove,dslogrovegu@kickstarter.com,Male,253.28.253.124
608,Libbie,Sharer,lsharergv@bluehost.com,Female,185.91.34.70
609,Shaun,Garforth,sgarforthgw@com.com,Male,136.24.43.220
610,Blythe,Lardier,blardiergx@twitter.com,Agender,243.92.119.156
611,Laural,Girogetti,lgirogettigy@go.com,Female,151.32.77.67
612,Anderea,Starmont,astarmontgz@hugedomains.com,Female,131.178.97.9
613,Rufe,Sante,rsanteh0@walmart.com,Female,39.191.238.238
614,Dahlia,Tuxill,dtuxillh1@amazon.co.uk,Male,14.233.177.32
615,Gilligan,Greener,ggreenerh2@flavors.me,Female,65.228.25.168
616,Arlana,Reucastle,areucastleh3@deviantart.com,Female,226.13.108.218
617,Ray,O'Shesnan,roshesnanh4@google.com,Male,157.126.61.15
618,Olin,Baudouin,obaudouinh5@mac.com,Male,77.247.149.115
619,Kassandra,Kiloh,kkilohh6@fastcompany.com,Female,85.225.76.78
622,Emelda,MacGarrity,emacgarrityh9@seesaa.net,Female,139.244.156.224
623,Valdemar,Van Saltsberg,vvansaltsbergha@netvibes.com,Female,228.192.230.52
624,Renault,Bouzan,rbouzanhb@usnews.com,Male,213.171.83.136
625,Constance,MacFayden,cmacfaydenhc@canalblog.com,Male,41.77.111.132
626,Bianca,Cressy,bcressyhd@meetup.com,Male,164.72.3.71
627,Sabra,Quakley,squakleyhe@symantec.com,Female,174.159.171.135
628,Shalom,Crates,scrateshf@soup.io,Male,144.109.216.21
629,Ives,Sanpere,isanperehg@weather.com,Female,151.131.192.146
630,Phillida,Shinefield,pshinefieldhh@washingtonpost.com,Female,123.235.238.230
631,Charline,Lammenga,clammengahi@topsy.com,Female,244.76.231.191
632,Irwin,Arrault,iarraulthj@1688.com,Female,30.190.222.199
633,Boy,Lamboll,blambollhk@merriam-webster.com,Male,80.240.7.71
634,Granthem,Meddings,gmeddingshl@hostgator.com,Male,232.245.140.79
635,Roberto,Greenstreet,rgreenstreethm@zdnet.com,Female,21.128.30.206
636,Galven,Trahar,gtraharhn@slashdot.org,Genderfluid,122.176.197.203
637,Tybi,Dunton,tduntonho@google.nl,Male,255.209.91.0
638,Ed,Sprason,esprasonhp@joomla.org,Male,88.155.127.30
640,Bonny,Walshe,bwalshehr@nifty.com,Female,143.181.91.170
641,Daniel,Wisdish,dwisdishhs@wikipedia.org,Female,40.241.199.83
642,Brittni,Messum,bmessumht@furl.net,Male,82.230.64.12
643,Filide,Doret,fdorethu@imdb.com,Male,243.197.204.39
644,Else,Huncoot,ehuncoothv@dell.com,Female,29.135.233.67
645,Deva,Welfair,dwelfairhw@eventbrite.com,Bigender,127.233.117.99
646,Corie,Gingles,cgingleshx@e-recht24.de,Male,244.10.248.204
647,Monah,Normington,mnormingtonhy@ezinearticles.com,Female,13.16.190.209
648,Alfie,Stallon,astallonhz@ocn.ne.jp,Female,186.110.59.153
649,Rollie,Roadnight,rroadnighti0@chron.com,Female,38.236.204.147
