id,first_name,last_name,email,gender,ip_address
164,Xever,Petrol,xpetrol4j@dailymotion.com,Male,209.145.216.52
165,Clari,Cogdell,ccogdell4k@statcounter.com,Male,62.128.113.233
166,Donnie,Lowless,dlowless4l@hostgator.com,Male,156.142.44.33
167,Julia,Ezele,jezele4m@mail.ru,Female,122.60.145.130
169,Worth,Antrack,wantrack4o@pagesperso-orange.fr,Male,56.100.46.78
170,Ansell,Swindin,aswindin4p@webmd.com,Male,184.109.245.243
172,Babara,Dormon,bdormon4r@webeden.co.uk,Male,77.71.95.189
175,Raynell,Scudamore,rscudamore4u@state.tx.us,Male,73.180.71.119
177,Abigael,Andrin,aandrin4w@soundcloud.com,Male,153.35.124.101
178,Ash,Spreadbury,aspreadbury4x@bloomberg.com,Male,141.22.34.151
179,Rob,Bruyett,rbruyett4y@nbcnews.com,Male,217.145.80.43
180,Zed,Ourry,zourry4z@pen.io,Male,232.44.11.135
181,Haydon,McGinty,hmcginty50@timesonline.co.uk,Male,152.6.205.88
182,Garrard,Monsey,gmonsey51@forbes.com,Male,85.172.199.29
183,Mariquilla,Patek,mpatek52@macromedia.com,Female,53.211.31.153
184,Jacinta,McElvine,jmcelvine53@skyrock.com,Female,13.61.222.44
185,Evangeline,Kruschev,ekruschev54@apple.com,Male,45.31.136.62
186,Gayle,Mattisson,gmattisson55@purevolume.com,Male,182.179.225.124
187,Miguela,Bebbell,mbebbell56@mail.ru,Male,116.231.224.102
188,Mort,Philippe,mphilippe57@pbs.org,Male,59.140.15.251
189,Crissie,Vynall,cvynall58@soup.io,Female,19.135.35.9
190,Rubia,Crowne,rcrowne59@nationalgeographic.com,Female,239.229.115.199
191,Roanna,Tarbet,rtarbet5a@1und1.de,Female,129.84.190.123
192,Glori,Dunabie,gdunabie5b@cbc.ca,Bigender,154.220.123.238
193,Darwin,Opy,dopy5c@toplist.cz,Male,170.59.120.153
194,Tanney,Templeton,ttempleton5d@blogspot.com,Female,5.195.25.185
195,Orrin,Ferreiro,oferreiro5e@rambler.ru,Bigender,129.242.240.152
196,Hart,Giffaut,hgiffaut5f@behance.net,Female,232.242.24.149
197,Mariya,Macieiczyk,mmacieiczyk5g@loc.gov,Genderqueer,227.38.102.67
198,Dena,Angell,dangell5h@netlog.com,Female,170.128.102.193
199,Glennis,Lethbury,glethbury5i@goo.ne.jp,Bigender,20.138.203.48
200,Aldwin,Burress,aburress5j@guardian.co.uk,Female,137.218.223.164
201,Dode,Brinkler,dbrinkler5k@hostgator.com,Female,196.172.67.218
202,Susanetta,Plackstone,splackstone5l@wp.com,Female,110.193.164.0
203,Ranna,Taffe,rtaffe5m@smh.com.au,Male,90.235.71.72
204,Ramon,Tidy,rtidy5n@xing.com,Female,40.81.177.79
205,Sela,Pettingall,spettingall5o@hhs.gov,Genderqueer,253.39.48.163
207,Torey,Coldrick,tcoldrick5q@creativecommons.org,Female,217.220.182.52
208,Norby,Ianniello,nianniello5r@sphinn.com,Male,245.110.109.140
209,Hally,Eidler,heidler5s@dyndns.org,Male,250.138.113.141
210,Eveleen,Normanvill,enormanvill5t@ted.com,Male,102.37.29.47
211,Zarla,Kewzick,zkewzick5u@cmu.edu,Male,136.196.44.48
212,Lily,Lambal,llambal5v@ask.com,Male,69.119.6.61
213,Wilfrid,Zincke,wzincke5w@blogtalkradio.com,Female,23.155.254.164
214,Hobie,Mettrick,hmettrick5x@multiply.com,Male,195.145.179.247
215,Elizabeth,Bearne,ebearne5y@squarespace.com,Female,127.103.250.186
216,Malcolm,Hoff,mhoff5z@netvibes.com,Male,58.36.142.12
217,Syd,Harfleet,sharfleet60@artisteer.com,Non-binary,75.29.111.150
218,Katuscha,Monro,kmonro61@t-online.de,Male,35.226.5.136
219,Powell,Lawles,plawles62@columbia.edu,Male,136.113.128.246
220,Derby,Rayer,drayer63@google.co.uk,Male,52.146.56.29
221,Nicolette,McMullen,nmcmullen64@squarespace.com,Non-binary,214.3.44.255
222,Markus,Normand,mnormand65@photobucket.com,Female,155.228.137.244
223,Tymon,Gartrell,tgartrell66@businessweek.com,Female,189.127.160.7
224,Wallis,Brockie,wbrockie67@biblegateway.com,Male,118.229.210.180
225,Kelby,Gerhardt,kgerhardt68@nytimes.com,Male,2.120.71.86
226,Vin,Chippendale,vchippendale69@naver.com,Male,32.208.107.223
227,Elli,Moxson,emoxson6a@google.ca,Male,170.30.198.92
228,Afton,Munro,amunro6b@mlb.com,Female,73.30.33.172
229,Lolita,Twidale,ltwidale6c@reference.com,Male,194.34.123.65
230,Perry,Worland,pworland6d@netvibes.com,Male,24.143.53.27
231,Harriet,Geraghty,hgeraghty6e@macromedia.com,Female,249.152.188.150
232,Vallie,Laydon,vlaydon6f@latimes.com,Female,146.196.77.252
233,Fee,Pauleit,fpauleit6g@accuweather.com,Female,182.161.136.206
234,Wally,Lowden,wlowden6h@canalblog.com,Female,103.201.53.179
235,Skyler,Franz-Schoninger,sfranzschoninger6i@usnews.com,Female,232.55.184.98
236,Aubrey,Ahearne,aahearne6j@phpbb.com,Male,175.205.157.95
237,Simonne,Beekman,sbeekman6k@eventbrite.com,Polygender,127.170.96.79
238,Eveline,Sommerly,esommerly6l@google.pl,Female,100.10.119.189
239,Marcello,Torresi,mtorresi6m@dropbox.com,Female,226.60.140.169
240,Tanya,Dockwra,tdockwra6n@vk.com,Bigender,46.141.85.215
241,Jeff,Luke,jluke6o@arizona.edu,Male,218.133.203.5
242,Doll,Lashbrook,dlashbrook6p@smugmug.com,Male,111.162.183.210
244,Theresa,Cootes,tcootes6r@senate.gov,Male,125.14.166.96
245,Delmore,Catmull,dcatmull6s@nhs.uk,Male,112.212.71.173
246,Isadore,Speers,ispeers6t@japanpost.jp,Polygender,113.144.88.16
247,Stanfield,Rowbottom,srowbottom6u@yellowpages.com,Male,103.163.130.250
248,Alexis,Malam,amalam6v@etsy.com,Female,31.133.48.193
249,Amity,Titcombe,atitcombe6w@virginia.edu,Male,68.20.79.184
250,Dinny,Cheek,dcheek6x@sbwire.com,Male,67.56.75.233
251,Johann,Bail,jbail6y@java.com,Male,85.94.142.121
252,Sigvard,Sandeson,ssandeson6z@usa.gov,Female,88.94.63.4
253,Bobina,Martinec,bmartinec70@deliciousdays.com,Male,151.107.43.170
254,Lana,Mallinson,lmallinson71@prnewswire.com,Male,235.6.85.63
255,Darci,Swiggs,dswiggs72@netscape.com,Male,44.82.54.216
256,Chadd,Gandy,cgandy73@booking.com,Female,201.178.89.193
257,Elsbeth,Ickovits,eickovits74@nba.com,Female,159.198.249.47
258,Conrade,Spata,cspata75@sourceforge.net,Male,193.200.181.80
259,Latisha,Ganiclef,lganiclef76@webs.com,Male,83.105.43.58
260,Tova,Bugler,tbugler77@vimeo.com,Male,56.227.62.72
261,Sybila,Garnsey,sgarnsey78@chron.com,Male,98.149.118.224
262,Vale,Brice,vbrice79@howstuffworks.com,Female,231.104.101.151
263,Shelby,Schoular,sschoular7a@com.com,Female,92.180.167.30
264,Virginie,Oaten,voaten7b@nature.com,Female,1.134.93.38
266,Porty,Welbrock,pwelbrock7d@delicious.com,Female,238.34.160.59
267,Joellyn,Schulkins,jschulkins7e@time.com,Bigender,208.42.153.215
268,Rodrigo,Biernacki,rbiernacki7f@redcross.org,Female,27.44.217.231
269,Bell,Bogays,bbogays7g@i2i.jp,Male,172.98.167.189
270,Alonso,Walton,awalton7h@cyberchimps.com,Female,233.182.180.50
271,Eirena,Durman,edurman7i@ask.com,Male,141.110.27.214
272,Alain,Form,aform7j@prweb.com,Male,124.234.104.204
273,Eugenia,Ellershaw,eellershaw7k@amazonaws.com,Female,115.199.253.202
275,Abigail,Axford,aaxford7m@psu.edu,Agender,202.40.197.18
276,Gunilla,Dunnan,gdunnan7n@epa.gov,Female,254.24.154.114
277,Fayina,Bonome,fbonome7o@miibeian.gov.cn,Female,252.55.242.154
278,Binni,Fierro,bfierro7p@bing.com,Female,204.158.77.206
279,Chadwick,Matyukon,cmatyukon7q@usda.gov,Genderfluid,67.69.21.20
280,Whitman,Barnson,wbarnson7r@jugem.jp,Female,28.67.225.38
281,Ronald,Treece,rtreece7s@comsenz.com,Male,65.8.223.98
282,Scotty,Larive,slarive7t@hc360.com,Female,253.86.148.235
283,Jeannine,Sibly,jsibly7u@nationalgeographic.com,Female,138.133.12.44
284,Lesley,Longfield,llongfield7v@people.com.cn,Female,141.92.69.251
285,Willabella,Musselwhite,wmusselwhite7w@etsy.com,Female,244.118.215.143
286,Baxter,Whitwam,bwhitwam7x@soundcloud.com,Female,3.64.248.184
287,Fredericka,Bartles,fbartles7y@sohu.com,Female,188.46.243.235
288,Reinald,Geerling,rgeerling7z@npr.org,Male,169.204.174.16
289,Magdalene,Wildsmith,mwildsmith80@cocolog-nifty.com,Female,225.195.171.13
290,Charley,Porkiss,cporkiss81@google.ru,Female,65.128.43.33
291,Allene,Calafate,acalafate82@washingtonpost.com,Female,71.213.209.57
292,Vincenty,Scrowson,vscrowson83@nature.com,Male,116.37.57.157
293,Dede,Ravenshear,dravenshear84@washingtonpost.com,Male,170.115.43.177
294,Bernarr,Bettley,bbettley85@shareasale.com,Male,245.216.117.141
295,Ambrosius,Mc Kellen,amckellen86@github.io,Female,84.209.45.205
296,Ford,O'Brogane,fobrogane87@jalbum.net,Male,170.34.50.202
299,Jasper,Vaskov,jvaskov8a@loc.gov,Male,140.242.127.232
300,Josy,Colenutt,jcolenutt8b@jiathis.com,Male,5.249.219.251
301,Eulalie,Howie,ehowie8c@artisteer.com,Male,48.22.216.91
302,Randi,Oldam,roldam8d@forbes.com,Male,194.182.27.28
303,Waldemar,Frondt,wfrondt8e@hugedomains.com,Genderqueer,53.70.51.251
304,Brear,Likly,blikly8f@tiny.cc,Male,36.220.197.176
305,Larisa,Londsdale,llondsdale8g@army.mil,Female,165.0.17.107
306,Maris,Claybourn,mclaybourn8h@archive.org,Female,38.45.224.176
307,Mari,Winspeare,mwinspeare8i@hugedomains.com,Male,238.212.79.131
308,Marcy,Barrell,mbarrell8j@rediff.com,Male,212.74.250.102
309,Anna-diana,Kemsley,akemsley8k@amazon.de,Male,27.163.87.37
310,Conway,Salmoni,csalmoni8l@wisc.edu,Male,117.105.188.43
312,Fawn,Cruikshank,fcruikshank8n@google.cn,Female,227.34.140.84
313,Hazel,Sweating,hsweating8o@weibo.com,Female,25.137.143.192
314,Kermie,Camelli,kcamelli8p@delicious.com,Female,215.142.64.187
315,Veronika,Nolot,vnolot8q@home.pl,Female,63.112.214.183
316,Vittorio,Dawtry,vdawtry8r@behance.net,Polygender,152.70.243.240
317,Ash,MacKimm,amackimm8s@bravesites.com,Female,35.150.136.208
318,Osbourn,Feasby,ofeasby8t@plala.or.jp,Female,74.200.32.12
319,El,Tattersfield,etattersfield8u@msu.edu,Female,255.222.34.62
320,Sondra,Alcido,salcido8v@domainmarket.com,Female,13.250.98.61
321,Kelsi,Pitrasso,kpitrasso8w@photobucket.com,Female,141.45.93.12
322,Leigha,Baynard,lbaynard8x@pagesperso-orange.fr,Female,44.155.84.2
323,Sayres,Marston,smarston8y@vinaora.com,Female,161.218.29.251
324,Karalee,Menichino,kmenichino8z@live.com,Bigender,238.190.211.110
325,Adriaens,Lumsdall,alumsdall90@arstechnica.com,Female,75.231.175.75
