id,first_name,last_name,email,gender,ip_address
326,Goldi,Guillard,gguillard91@nhs.uk,Female,213.247.164.234
327,Temp,Blatherwick,tblatherwick92@mtv.com,Female,163.119.74.65
328,Jehu,Burnep,jburnep93@washingtonpost.com,Female,246.73.136.81
329,Goraud,Mecco,gmecco94@smh.com.au,Male,53.228.206.137
330,Jayme,Chilton,jchilton95@statcounter.com,Male,140.236.101.6
331,Ernest,St. Aubyn,estaubyn96@csmonitor.com,Male,159.5.88.29
332,Ardisj,Sivier,asivier97@discovery.com,Male,240.221.235.98
333,Pembroke,Illyes,pillyes98@dmoz.org,Male,119.109.11.160
335,Krista,Brammall,kbrammall9a@ameblo.jp,Male,235.137.4.45
336,Alessandra,Haysham,ahaysham9b@nationalgeographic.com,Female,252.163.220.45
337,Binnie,Bebbell,bbebbell9c@hhs.gov,Genderqueer,34.23.245.245
338,Vasili,Macieja,vmacieja9d@moonfruit.com,Male,230.164.225.64
339,Field,Curson,fcurson9e@t.co,Female,211.98.177.182
340,Melody,Salack,msalack9f@comsenz.com,Male,78.159.77.131
341,Vivianne,Sheerman,vsheerman9g@github.io,Non-binary,242.239.151.84
342,Ely,Sleney,esleney9h@amazon.de,Male,232.39.1.150
343,Rana,Place,rplace9i@msu.edu,Male,153.245.67.56
345,Kerby,Jeffs,kjeffs9k@slashdot.org,Male,239.13.137.243
346,Quintilla,Flanigan,qflanigan9l@zdnet.com,Agender,79.149.236.28
347,Debby,Dummett,ddummett9m@gizmodo.com,Female,106.76.190.2
348,Alvina,Ubanks,aubanks9n@xinhuanet.com,Female,121.7.44.184
349,Sly,Gerrey,sgerrey9o@360.cn,Male,178.47.149.171
350,Regine,Reolfo,rreolfo9p@disqus.com,Male,167.127.142.37
351,Allen,Gerber,agerber9q@toplist.cz,Female,220.189.161.96
352,Huntington,Ionnidis,hionnidis9r@surveymonkey.com,Agender,250.11.251.212
353,Kacie,Stoves,kstoves9s@wix.com,Female,105.62.173.215
354,Traci,Duding,tduding9t@tmall.com,Female,144.176.84.159
357,Hank,Murra,hmurra9w@acquirethisname.com,Bigender,41.86.53.207
358,Taddeo,Boater,tboater9x@ezinearticles.com,Male,113.95.165.49
359,Kev,Ingley,kingley9y@icq.com,Male,130.144.116.96
360,Elbertine,Corkitt,ecorkitt9z@pinterest.com,Female,67.45.161.187
361,Igor,Pierro,ipierroa0@hud.gov,Bigender,148.241.142.178
362,Lorrie,Pinching,lpinchinga1@about.me,Male,65.76.107.66
363,Wald,Larking,wlarkinga2@imdb.com,Male,223.168.189.62
364,Beryl,Giraudou,bgiraudoua3@acquirethisname.com,Female,239.177.13.116
365,Cory,Billam,cbillama4@e-recht24.de,Female,38.23.201.120
367,Roseline,Fawdrey,rfawdreya6@jiathis.com,Male,30.29.89.163
368,Sergio,Wernham,swernhama7@shutterfly.com,Male,13.129.191.116
369,Cherilynn,Jenking,cjenkinga8@illinois.edu,Female,123.127.17.200
370,Ashleigh,Petteford,apetteforda9@photobucket.com,Female,239.170.240.179
371,Kacy,Hawkey,khawkeyaa@webmd.com,Male,232.45.159.149
372,Jeanie,De Stoop,jdestoopab@jigsy.com,Female,197.57.214.137
373,Perry,Philipsen,pphilipsenac@free.fr,Polygender,182.44.63.231
374,Agnesse,Freddi,afreddiad@ovh.net,Male,135.211.7.249
375,Bartlett,Denekamp,bdenekampae@wufoo.com,Agender,189.47.41.237
376,Thurstan,Lyndon,tlyndonaf@123-reg.co.uk,Genderqueer,122.134.76.142
377,Winfield,Djorvic,wdjorvicag@ihg.com,Female,118.206.197.159
378,Orren,Edmonds,oedmondsah@reference.com,Male,231.181.85.167
379,Derril,Splain,dsplainai@businesswire.com,Female,139.184.157.210
380,Eran,Alpine,ealpineaj@webnode.com,Female,9.102.107.202
381,Hesther,Pattingson,hpattingsonak@nymag.com,Male,97.118.152.241
382,Berry,Licari,blicarial@aboutads.info,Male,147.67.97.233
383,Hernando,Firmage,hfirmageam@barnesandnoble.com,Male,165.81.128.202
384,Marinna,MattiCCI,mmatticcian@vinaora.com,Male,145.216.20.167
385,Robby,Oglevie,roglevieao@issuu.com,Female,70.245.175.146
386,Alexandrina,Aitkin,aaitkinap@odnoklassniki.ru,Male,250.164.243.162
388,Haslett,Pomery,hpomeryar@europa.eu,Male,109.20.207.122
389,Edlin,Dovidaitis,edovidaitisas@google.ca,Male,247.139.201.93
391,Jacqui,Spilsted,jspilstedau@smh.com.au,Male,153.239.3.86
392,Fin,McGonagle,fmcgonagleav@adobe.com,Female,250.25.209.127
393,Dorothy,Achurch,dachurchaw@wufoo.com,Female,193.75.248.3
394,Marty,Gait,mgaitax@mapquest.com,Female,180.231.150.50
395,Jared,Symms,jsymmsay@ihg.com,Female,5.183.47.143
396,Moreen,Calven,mcalvenaz@shinystat.com,Female,126.115.244.240
397,Lucine,Ruzic,lruzicb0@accuweather.com,Male,111.153.231.251
398,Gaston,Zappel,gzappelb1@is.gd,Female,250.13.201.210
399,Abel,Catherine,acatherineb2@reference.com,Female,67.45.165.228
400,Tamiko,Simkin,tsimkinb3@clickbank.net,Female,238.213.23.169
401,Manfred,Blune,mbluneb4@vistaprint.com,Male,238.244.200.126
402,Siegfried,Hazley,shazleyb5@google.nl,Female,106.152.34.121
403,Melisse,Nursey,mnurseyb6@cam.ac.uk,Female,144.160.164.232
404,Ernesto,Tefft,etefftb7@hud.gov,Female,198.15.254.204
405,Briny,Hurcombe,bhurcombeb8@usgs.gov,Female,2.182.76.62
406,Thorin,Elcock,telcockb9@weebly.com,Female,42.81.77.224
407,Wren,Ladds,wladdsba@1688.com,Female,206.110.171.239
408,Fredia,Pappi,fpappibb@mapy.cz,Female,185.201.153.252
409,Rudiger,O'Boyle,roboylebc@uol.com.br,Female,224.137.164.32
410,Ruthanne,Trehearn,rtrehearnbd@myspace.com,Male,19.132.216.139
412,Dicky,Vurley,dvurleybf@google.es,Male,41.157.42.164
413,Claybourne,Yurshev,cyurshevbg@weather.com,Male,235.191.89.252
414,Maddy,Balaisot,mbalaisotbh@about.me,Male,7.149.0.229
415,Augustus,Gauge,agaugebi@ebay.com,Female,219.133.128.99
416,Minny,Kittiman,mkittimanbj@ow.ly,Male,164.76.195.119
417,Florrie,Ingledew,fingledewbk@oracle.com,Female,228.177.176.117
418,Hilda,Munroe,hmunroebl@free.fr,Male,144.152.98.80
419,Melly,Layson,mlaysonbm@java.com,Female,62.163.17.153
420,Kamilah,McMeanma,kmcmeanmabn@mac.com,Female,212.152.167.37
422,Joice,Gherardelli,jgherardellibp@spotify.com,Female,20.172.137.93
423,Currey,Hoyland,choylandbq@scientificamerican.com,Male,218.114.18.72
424,Peria,Cornew,pcornewbr@ifeng.com,Male,170.239.47.205
426,Minnnie,Lax,mlaxbt@ow.ly,Male,175.12.61.172
427,Antonin,Ableson,aablesonbu@surveymonkey.com,Male,130.203.41.23
428,Melody,Glander,mglanderbv@ft.com,Male,71.85.177.31
429,Jaime,Blackmoor,jblackmoorbw@marriott.com,Male,215.119.66.13
430,Benedick,Iffland,bifflandbx@soundcloud.com,Female,18.177.6.201
431,Bert,Eggar,beggarby@google.fr,Male,177.97.24.61
432,Tobey,Proffer,tprofferbz@umich.edu,Female,0.28.64.86
433,Wallis,Niles,wnilesc0@pbs.org,Genderqueer,78.225.205.167
434,Ora,Walework,owaleworkc1@eepurl.com,Male,64.19.179.184
435,Sansone,Furminger,sfurmingerc2@dailymotion.com,Male,118.193.219.160
436,Bill,Desbrow,bdesbrowc3@yellowbook.com,Male,75.222.212.116
437,Hermy,Ferencowicz,hferencowiczc4@nbcnews.com,Male,230.175.139.63
440,Bunny,Odger,bodgerc7@theatlantic.com,Male,181.10.85.192
441,Kristina,Matzeitis,kmatzeitisc8@hatena.ne.jp,Female,179.132.82.34
442,Selle,Densell,sdensellc9@mac.com,Male,48.45.193.239
443,Darcy,Wigglesworth,dwigglesworthca@fema.gov,Female,168.21.124.155
444,Claire,Gile,cgilecb@amazonaws.com,Female,61.88.124.40
445,Ida,Iseton,iisetoncc@hp.com,Male,136.97.26.57
447,Stafford,Jovey,sjoveyce@mashable.com,Male,96.84.132.205
448,Panchito,Kirimaa,pkirimaacf@tiny.cc,Male,147.60.179.4
449,Isabella,Deason,ideasoncg@utexas.edu,Male,68.139.172.51
450,Nowell,Evers,neversch@edublogs.org,Female,255.18.230.93
451,Pacorro,Geertje,pgeertjeci@wufoo.com,Male,214.236.240.204
452,Tadd,Hamlington,thamlingtoncj@webeden.co.uk,Female,239.138.241.69
453,Genevieve,Luck,gluckck@springer.com,Male,208.34.6.92
454,Galen,Naerup,gnaerupcl@walmart.com,Female,10.179.117.102
455,Meryl,Le Fleming,mleflemingcm@auda.org.au,Female,232.119.20.49
456,Hyacinthie,Bastistini,hbastistinicn@sakura.ne.jp,Female,21.9.199.95
457,Paolina,Hedger,phedgerco@theatlantic.com,Agender,127.87.60.96
458,Melba,Matlock,mmatlockcp@cbsnews.com,Female,216.206.97.67
459,Janessa,Razzell,jrazzellcq@comsenz.com,Male,237.67.111.25
460,Ingeberg,Outlaw,ioutlawcr@cdbaby.com,Male,60.101.25.29
461,Nicolea,Mignot,nmignotcs@cbsnews.com,Female,246.181.35.149
462,Sonny,Ghiraldi,sghiraldict@clickbank.net,Male,167.7.251.241
463,Arney,Tunny,atunnycu@squidoo.com,Male,111.9.8.116
464,Ragnar,Piller,rpillercv@omniture.com,Female,104.140.11.136
465,Gunar,Dwyr,gdwyrcw@istockphoto.com,Female,9.28.49.163
466,Jamil,Beney,jbeneycx@foxnews.com,Male,212.142.161.58
467,Domini,Depka,ddepkacy@craigslist.org,Female,177.167.127.30
468,Dacia,Suggate,dsuggatecz@java.com,Male,125.122.207.41
469,Daryn,Buffy,dbuffyd0@livejournal.com,Female,90.208.24.123
470,Cly,Derisley,cderisleyd1@netlog.com,Male,159.253.85.57
471,Evy,Eastmond,eeastmondd2@cargocollective.com,Female,250.228.172.131
472,Merrill,Trump,mtrumpd3@netscape.com,Male,11.152.5.33
473,Lacee,Karlmann,lkarlmannd4@addtoany.com,Male,196.88.134.109
474,Laure,Pemble,lpembled5@upenn.edu,Genderfluid,112.248.193.207
475,Man,Cejka,mcejkad6@shinystat.com,Male,71.66.134.85
476,Adolph,Shatliff,ashatliffd7@topsy.com,Male,24.61.239.85
477,Whittaker,Merdew,wmerdewd8@goo.gl,Female,244.128.249.7
478,Solomon,Maile,smailed9@ehow.com,Male,210.206.109.225
479,Tybalt,Le Strange,tlestrangeda@1688.com,Female,56.42.200.120
480,Rosamond,Obington,robingtondb@booking.com,Male,134.93.177.25
481,Lind,Netherclift,lnethercliftdc@linkedin.com,Male,117.110.15.236
482,Betti,Sturror,bsturrordd@theguardian.com,Female,238.119.249.24
483,Lindon,Torry,ltorryde@ed.gov,Male,185.160.9.83
484,Henrieta,Kirkam,hkirkamdf@guardian.co.uk,Male,144.239.96.87
485,Mitzi,Joerning,mjoerningdg@who.int,Male,28.128.178.209
487,Linoel,Clementi,lclementidi@nymag.com,Female,213.223.2.31
488,Harman,Allright,hallrightdj@walmart.com,Male,42.127.3.122
489,Sydel,Parke,sparkedk@hhs.gov,Male,151.242.246.163
