id,first_name,last_name,email,gender,ip_address
809,Hector,Dummett,hdummettmg@etsy.com,Female,40.230.15.243
810,Jordan,Romagnosi,jromagnosimh@cnn.com,Male,249.112.185.179
811,Ralf,Mc Gaughey,rmcgaugheymi@indiatimes.com,Female,146.215.121.25
812,Chickie,Carletto,ccarlettomj@gov.uk,Male,182.92.134.12
813,Babb,St. Hill,bsthillmk@google.fr,Female,199.155.24.232
814,Zechariah,Littledike,zlittledikeml@sohu.com,Male,150.223.12.150
815,Miguelita,von Grollmann,mvongrollmannmm@marketwatch.com,Male,11.70.161.95
816,Shawna,Quiney,squineymn@house.gov,Female,99.61.10.136
817,Adi,Andree,aandreemo@accuweather.com,Female,40.79.164.214
818,Christos,Eadmead,ceadmeadmp@macromedia.com,Female,205.253.77.77
820,Beck,Grono,bgronomr@topsy.com,Male,247.152.64.254
821,Josephine,Sawney,jsawneyms@themeforest.net,Female,128.220.218.103
822,Barby,McConville,bmcconvillemt@google.com.br,Female,139.132.99.103
823,Alick,Jeckells,ajeckellsmu@merriam-webster.com,Male,215.47.36.185
824,Danell,Crippill,dcrippillmv@nydailynews.com,Male,112.87.103.137
825,Gilbert,Bartkiewicz,gbartkiewiczmw@php.net,Male,233.97.47.182
826,Riordan,Treker,rtrekermx@digg.com,Female,86.148.129.177
827,Elene,Attenbrow,eattenbrowmy@diigo.com,Female,248.7.199.9
828,Elysha,Dockerty,edockertymz@vinaora.com,Female,142.46.246.13
829,Maryann,Scullard,mscullardn0@ucoz.ru,Male,207.87.79.88
830,Bibbye,Coulman,bcoulmann1@netlog.com,Male,218.197.64.175
831,Candi,Rosensaft,crosensaftn2@huffingtonpost.com,Male,205.204.177.151
832,Morissa,Emes,memesn3@amazonaws.com,Male,183.253.64.176
833,Penny,Pepper,ppeppern4@ning.com,Male,99.80.192.228
834,Nixie,Brogini,nbroginin5@yale.edu,Female,186.214.172.96
835,Catlaina,Roughey,crougheyn6@europa.eu,Female,218.130.61.173
836,Molly,Scamp,mscampn7@rediff.com,Male,161.21.82.233
837,Gwenore,Stitle,gstitlen8@icq.com,Agender,219.56.4.81
838,Francklin,Calyton,fcalytonn9@google.cn,Female,112.169.77.182
839,Nanon,Grigorian,ngrigorianna@cargocollective.com,Male,181.136.138.91
840,Zerk,Hancell,zhancellnb@cbslocal.com,Female,191.126.84.93
841,Titos,Klimschak,tklimschaknc@mayoclinic.com,Polygender,67.169.134.59
842,Correy,Iannazzi,ciannazzind@nyu.edu,Male,0.41.153.25
843,Bonita,Schwandner,bschwandnerne@seattletimes.com,Female,51.213.102.18
844,Michele,Prenty,mprentynf@e-recht24.de,Female,252.15.210.15
845,Rubi,Bewsey,rbewseyng@prnewswire.com,Female,82.25.242.237
846,Drucy,Micklem,dmicklemnh@dailymail.co.uk,Male,117.64.101.235
847,Reidar,Jeandon,rjeandonni@amazon.co.uk,Male,72.93.163.10
848,Nikaniki,Braidley,nbraidleynj@vkontakte.ru,Male,72.170.197.10
849,Kip,Crannis,kcrannisnk@xing.com,Non-binary,201.178.239.200
850,Annis,Oggers,aoggersnl@wunderground.com,Male,130.199.201.221
851,Dee,Cordner,dcordnernm@cbc.ca,Male,140.153.205.20
852,Mata,Robe,mrobenn@howstuffworks.com,Female,188.4.215.107
853,Samuel,Linsay,slinsayno@opera.com,Female,158.58.253.61
854,Claudelle,Bulcock,cbulcocknp@va.gov,Male,141.154.107.110
857,Corly,Mattimoe,cmattimoens@nationalgeographic.com,Female,98.160.219.248
858,Clarance,Gilyott,cgilyottnt@ezinearticles.com,Bigender,245.123.175.49
859,Peadar,Bulcock,pbulcocknu@google.com.au,Female,178.184.137.115
861,Mariya,Ayres,mayresnw@scribd.com,Female,213.183.30.54
862,Thacher,Westnage,twestnagenx@globo.com,Non-binary,183.7.178.144
863,Freddy,Bowton,fbowtonny@webs.com,Genderqueer,64.67.194.221
864,Rudd,MacConnell,rmacconnellnz@1688.com,Female,70.140.244.133
865,Maybelle,Tackley,mtackleyo0@w3.org,Agender,151.202.244.181
867,Evaleen,Simmonite,esimmoniteo2@aboutads.info,Male,219.180.155.0
868,Chanda,MacArdle,cmacardleo3@wunderground.com,Male,71.173.129.19
869,Gar,Robbert,grobberto4@paypal.com,Male,178.205.225.112
871,Gaile,Fuentes,gfuenteso6@yale.edu,Female,75.159.25.150
872,Syd,Jaray,sjarayo7@auda.org.au,Female,192.255.86.71
873,Venus,Mathieson,vmathiesono8@gov.uk,Genderqueer,104.226.54.98
874,Marin,Curro,mcurroo9@etsy.com,Male,107.218.30.114
875,Viva,Kubica,vkubicaoa@people.com.cn,Male,222.108.201.118
876,Damara,Shirtcliffe,dshirtcliffeob@netscape.com,Female,129.115.237.255
877,Leticia,Pernell,lpernelloc@toplist.cz,Female,157.61.129.121
878,Alano,Bassham,abasshamod@va.gov,Male,103.241.140.0
879,Dennie,Colson,dcolsonoe@naver.com,Male,199.104.80.81
880,Levi,Fitzsymons,lfitzsymonsof@sciencedirect.com,Male,21.13.51.169
881,Hall,Gammel,hgammelog@artisteer.com,Female,15.128.37.23
882,Marsha,Fossord,mfossordoh@mozilla.org,Male,200.99.42.254
883,Tybie,Basill,tbasilloi@auda.org.au,Male,171.77.242.144
884,Geoffrey,Pickrill,gpickrilloj@youtu.be,Genderqueer,109.191.52.84
885,Harriet,Gromley,hgromleyok@indiatimes.com,Female,80.92.166.76
886,Bartram,Curedale,bcuredaleol@google.fr,Female,63.251.62.67
887,Wyatan,Meneux,wmeneuxom@naver.com,Female,231.124.83.144
888,Annmaria,Gurge,agurgeon@mit.edu,Non-binary,120.194.75.71
889,Lorrayne,Frayne,lfrayneoo@wikimedia.org,Female,189.150.150.82
890,Chicky,Hiseman,chisemanop@bravesites.com,Female,118.95.135.60
891,Timothea,Piggen,tpiggenoq@g.co,Male,12.2.129.106
892,Elisha,Hairesnape,ehairesnapeor@typepad.com,Male,62.49.174.102
893,Averell,MacGinney,amacginneyos@yolasite.com,Male,147.245.99.216
894,Jilly,Brayne,jbrayneot@rediff.com,Polygender,244.106.210.151
895,Beauregard,Physick,bphysickou@moonfruit.com,Female,69.136.52.47
896,Farrah,Wadie,fwadieov@deliciousdays.com,Male,118.25.96.207
897,Rorke,Sitlington,rsitlingtonow@weebly.com,Male,85.38.254.236
898,Elmore,Waldera,ewalderaox@elpais.com,Non-binary,52.223.204.222
899,Antone,Skeffington,askeffingtonoy@hp.com,Male,42.159.17.122
900,Marigold,Dunnan,mdunnanoz@disqus.com,Male,85.125.198.176
901,Sonni,Eskrigge,seskriggep0@ebay.co.uk,Male,208.251.64.147
902,Katherina,Calvert,kcalvertp1@free.fr,Male,101.45.239.237
903,Elise,Antognozzii,eantognozziip2@toplist.cz,Male,181.103.205.39
904,Werner,Willder,wwillderp3@spiegel.de,Female,253.14.58.155
905,Magdalen,Marcone,mmarconep4@free.fr,Female,223.186.135.59
906,Fifi,Ygoe,fygoep5@deliciousdays.com,Female,159.195.232.247
907,Meaghan,Hubbock,mhubbockp6@macromedia.com,Female,149.161.225.219
909,Kandy,Spinas,kspinasp8@irs.gov,Female,122.209.195.164
910,Kim,Rings,kringsp9@mlb.com,Male,134.60.7.165
912,Lyndsie,Southouse,lsouthousepb@cbslocal.com,Male,242.40.102.154
914,Hadley,Sawney,hsawneypd@lulu.com,Male,72.9.29.170
915,Stanford,Braley,sbraleype@tamu.edu,Female,111.66.62.29
916,Yehudit,Currington,ycurringtonpf@craigslist.org,Male,164.50.125.94
917,Walt,Boman,wbomanpg@blog.com,Male,192.245.117.99
918,Jermaine,Garvill,jgarvillph@time.com,Female,33.79.231.12
919,Rhys,MacLardie,rmaclardiepi@issuu.com,Genderfluid,77.235.219.48
920,Melitta,Tabourel,mtabourelpj@chicagotribune.com,Female,97.131.46.162
921,Gillan,Appleby,gapplebypk@dailymail.co.uk,Male,186.223.131.226
922,Lezley,Liddell,lliddellpl@free.fr,Male,139.25.90.57
924,Rosalie,Goodbourn,rgoodbournpn@irs.gov,Female,252.20.212.151
926,Latisha,Langer,llangerpp@wsj.com,Male,206.252.242.205
927,Ardisj,Cappell,acappellpq@senate.gov,Male,17.221.151.21
928,Prudi,Pinare,ppinarepr@shareasale.com,Female,63.50.49.13
929,Marcellina,Crank,mcrankps@drupal.org,Female,176.121.51.91
930,Birdie,Godlip,bgodlippt@vimeo.com,Female,77.143.161.208
931,Lyndsay,Sedgeman,lsedgemanpu@ca.gov,Female,175.60.217.4
932,Waly,Sone,wsonepv@slashdot.org,Male,237.15.52.27
933,Selinda,Dumphy,sdumphypw@ucoz.ru,Male,76.192.225.116
934,Karmen,Tomicki,ktomickipx@hubpages.com,Female,99.16.24.111
935,Nichole,Rollins,nrollinspy@instagram.com,Female,242.204.96.79
936,Cy,Brasher,cbrasherpz@yahoo.com,Male,150.178.48.114
937,Papageno,Gair,pgairq0@cafepress.com,Male,163.49.189.152
938,Carena,Storcke,cstorckeq1@foxnews.com,Female,94.250.76.227
939,Konstantin,Wearn,kwearnq2@usa.gov,Female,4.205.145.228
940,Tanny,Lound,tloundq3@harvard.edu,Male,70.4.60.197
942,Lorenza,Dransfield,ldransfieldq5@buzzfeed.com,Male,10.45.138.29
943,Joel,Garlette,jgarletteq6@technorati.com,Female,43.67.104.214
944,Ethelda,Gittins,egittinsq7@army.mil,Female,94.57.223.11
945,Torry,Osmant,tosmantq8@gizmodo.com,Female,20.11.241.40
946,Godfrey,Mulvagh,gmulvaghq9@list-manage.com,Male,144.238.153.223
947,Oren,Filyushkin,ofilyushkinqa@wordpress.org,Female,178.67.118.19
948,Hermon,MacAne,hmacaneqb@etsy.com,Female,38.99.116.134
949,Pearl,Tylor,ptylorqc@nationalgeographic.com,Agender,72.209.84.175
950,Tobit,Kobpac,tkobpacqd@homestead.com,Male,69.30.253.94
951,Lilyan,Gergus,lgergusqe@deviantart.com,Female,248.145.112.109
952,Edna,Whorlow,ewhorlowqf@latimes.com,Male,80.119.127.28
954,Ruthy,Grahlmans,rgrahlmansqh@topsy.com,Male,91.84.52.179
955,Leonore,Reddoch,lreddochqi@army.mil,Genderqueer,184.175.174.229
956,Aldrich,Folke,afolkeqj@bravesites.com,Female,211.66.67.57
957,Jonathon,Brammer,jbrammerqk@cnbc.com,Male,157.16.47.213
958,Ragnar,Stanners,rstannersql@archive.org,Male,91.66.20.133
959,Nickie,Studdard,nstuddardqm@reuters.com,Male,137.70.44.236
960,Starla,Marshman,smarshmanqn@spiegel.de,Genderfluid,190.25.239.220
962,Parry,Adamoli,padamoliqp@smugmug.com,Female,73.97.7.147
963,Erin,Felkin,efelkinqq@comcast.net,Male,103.59.48.86
964,Chet,Borley,cborleyqr@amazonaws.com,Agender,190.252.231.62
965,Christie,Simoncelli,csimoncelliqs@businessinsider.com,Female,230.117.153.255
966,Eadith,Sulman,esulmanqt@wikispaces.com,Male,251.107.160.193
967,Mara,Gillam,mgillamqu@globo.com,Female,103.179.246.194
968,Merrile,Ennals,mennalsqv@tuttocitta.it,Female,100.123.2.117
969,Dorine,Buse,dbuseqw@nps.gov,Female,223.113.144.135
970,Bogart,Geeraert,bgeeraertqx@uol.com.br,Male,78.248.211.123
971,Ilise,Daymont,idaymontqy@mapquest.com,Female,47.176.120.231
972,Tracie,Murrhardt,tmurrhardtqz@dion.ne.jp,Female,174.144.205.92
